<DesignerComponent>
	<Header>
		<Name>Navigation Menu Component</Name>
		<IName>navigator</IName>
		<Description>Navigation Menu Component</Description>
		<Category>OTHERCOMPONENTS</Category>
		<CatDescription>Other</CatDescription>
		<Type>PalleteEntry</Type>
	</Header>
	<Contents>
		<Model>
			<Property>htmlObject</Property>
			<Property>parameter</Property>
			<Property>listeners</Property>
			<Property>includeSolutions</Property>
			<Property>menuMode</Property>
			<Property>executeAtStart</Property>
			<Property>preChange</Property>
			<Property>postChange</Property>
			<Property>preExecution</Property>
			<Property>postExecution</Property>
			<Property>refreshPeriod</Property>
			<Property>tooltip</Property>
		</Model>
	</Contents>
</DesignerComponent>
