<?xml version="1.0" encoding="UTF-8"?>
<!DOCTYPE hibernate-mapping PUBLIC "-//Hibernate/Hibernate Mapping DTD 3.0//EN" "http://hibernate.sourceforge.net/hibernate-mapping-3.0.dtd">
<hibernate-mapping>
  <class name="pt.webdetails.cda.cache.Query" table="cda_cacheControl">
    <cache usage="read-write"/>
    <id column="queryId" length="100" name="id" type="long" unsaved-value="null">
      <generator class="native"/>
    </id>
    <discriminator column="discriminator" length="20" type="string"/>
    <property name="cdaFile" not-null="true" type="string">
      <column length="254" name="cdaFile" not-null="true"/>
    </property>
    <property name="dataAccessId" not-null="true" type="string">
      <column length="254" name="dataAccessId" not-null="true"/>
    </property>
    <property name="hitCount" type="int">
      <column name="hitCount"/>
    </property>
    <property name="missCount" type="int">
      <column name="missCount"/>
    </property>
    <property name="timeElapsed" type="long">
      <column name="timeElapsed"/>
    </property>
    <list cascade="all" lazy="false" name="parameters">
      <key column="paramid"/>
      <list-index column="idx"/>
      <one-to-many class="pt.webdetails.cda.cache.CachedParam"/>
    </list>
    <subclass discriminator-value="CACHED" name="pt.webdetails.cda.cache.CachedQuery">
      <property name="userName" type="string">
        <column name="uname"/>
      </property>
      <property name="lastExecuted" type="timestamp">
        <column name="lastExecuted"/>
      </property>
      <property name="nextExecution" type="timestamp">
        <column name="nextExecution"/>
      </property>
      <property name="cronString" not-null="true" type="string">
        <column length="254" name="cronString" not-null="true"/>
      </property>
      <property name="success" type="boolean">
        <column name="success"/>
      </property>
    </subclass>
    <subclass discriminator-value="UNCACHED" name="pt.webdetails.cda.cache.UncachedQuery"/>
  </class>
  <class name="pt.webdetails.cda.cache.CachedParam" table="cda_cachedParams">
    <id column="id" name="id" type="long" unsaved-value="0">
      <generator class="increment"/>
    </id>
    <property name="name" not-null="true" type="string">
      <column length="254" name="paramName" not-null="true"/>
    </property>
    <property name="value" not-null="true" type="string">
      <column length="254" name="paramValue" not-null="true"/>
    </property>
  </class>
</hibernate-mapping>
