<?xml version="1.0" encoding="iso-8859-1"?>

<xform style="manual" bundle="com.tonbeller.jpivot.table.resources">
	<div style="height: 300px">
		<table border="0" cellspacing="5" cellpadding="2" id="mdxEditForm" width="100%">
			<!-- 
				<tr>
					<th colspan="2" class="xform-title">
						<table border="0" cellspacing="0" cellpadding="0" width="100%">
							<tr>
								<th align="left" class="xform-title">fmt:mdxedit.title</th>
								<td align="right" class="xform-close-button">
									<imgButton src="wcf/form/cancel.png" action="revert"
										label="fmt:mdxedit.close" hide="true"
										handler="com.tonbeller.wcf.form.ButtonHandler" />
								</td>
							</tr>
						</table>
					</th>
				</tr>
			 -->
			<tr>
				<td colspan="2">
					<textArea type="string"
						modelReference="extensions(mdxQuery).mdxQuery" bookmark="false" id="mdxEditForm-mdx-input" name="mdxEditForm-mdx-input" style="width: 480px; height: 270px;" />
				</td>
			</tr>
			<!--
			<tr>
				<td align="left">
					<span class="xform-error">
						<error-message />
					</span>
				</td>
				<td align="right">
					<div align="right">
						<input type="submit" value="Apply" onclick="OlapActions.applyMDX(pivotID, jQuery('#mdxEditForm-mdx-input').val()); return false;" class="openi-btn" style="float:right" />
						
						 
						<button action="validate" label="Apply"
							handler="com.tonbeller.wcf.form.ButtonHandler" onclick="OlapActions.applyMDX(pivotID, jQuery('#mdxEditForm-mdx-input').val()); return false;" class="openi-btn" style="float:right" />
						
							<button action="revert" label="fmt:mdxedit.reset"
								handler="com.tonbeller.wcf.form.ButtonHandler" />
						
					</div>
				</td>
			</tr>-->
		</table>
	</div>
	<input type="submit" value="Apply" onclick="OlapActions.applyMDX(pivotID, jQuery('#mdxEditForm-mdx-input').val()); return false;" class="openi-btn" style="float:right" />
</xform>
