<DesignerProperty>
  <Header>
    <Name>cccColorUseAbs</Name>
    <Parent>BaseProperty</Parent>
    <DefaultValue>false</DefaultValue>
    <Description>colorUseAbs</Description>
    <Tooltip>Indicates if the axis scale is applied over the absolute value of the domain values (applies to numeric domain axes).</Tooltip>
    <InputType>Boolean</InputType>
    <OutputType>Boolean</OutputType>
    <Order>273</Order>
    <Advanced>true</Advanced>
    <Version>2.0</Version>
  </Header>
</DesignerProperty>
