<DesignerProperty>
  <Header>
    <Name>cccColorMode</Name>
    <Parent>BaseProperty</Parent>
    <DefaultValue>byParent</DefaultValue>
    <Description>colorMode</Description>
    <Tooltip>Indicates if the color is assigned to parent nodes or to leaf nodes.</Tooltip>
    <InputType type="valuelist"/>
    <OutputType>String</OutputType>
    <Order>267</Order>
    <Advanced>true</Advanced>
    <Version>2.0</Version>
  </Header>
  <Values>
    <Value display="By-Parent">byParent</Value>
    <Value display="By-Self">bySelf</Value>
  </Values>
</DesignerProperty>
