<DesignerProperty>
  <Header>
    <Name>cccDataMeasuresInColumns</Name>
    <Parent>BaseProperty</Parent>
    <DefaultValue>false</DefaultValue>
    <Description>dataMeasuresInColumns</Description>
    <Tooltip>In the cross-tab format, indicates if, a column exists for each series value and measure dimension.</Tooltip>
    <InputType>Boolean</InputType>
    <OutputType>Boolean</OutputType>
    <Order>281</Order>
    <Advanced>true</Advanced>
    <Version>2.0</Version>
  </Header>
</DesignerProperty>
