<DesignerProperty>
  <Header>
    <Name>cccDirection</Name>
    <Parent>BaseProperty</Parent>
    <DefaultValue>down</DefaultValue>
    <Description>direction</Description>
    <Tooltip>The direction of the waterfall.</Tooltip>
    <InputType type="valuelist"/>
    <OutputType>String</OutputType>
    <Order>284</Order>
    <Advanced>true</Advanced>
    <Version>2.0</Version>
  </Header>
  <Values>
    <Value display="Down">down</Value>
    <Value display="Up">up</Value>
  </Values>
</DesignerProperty>
