<DesignerProperty>
  <Header>
    <Name>cccLayoutMode</Name>
    <Parent>BaseProperty</Parent>
    <DefaultValue>squarify</DefaultValue>
    <Description>layoutMode</Description>
    <Tooltip>The rectangle layout algorithm.</Tooltip>
    <InputType type="valuelist"/>
    <OutputType>String</OutputType>
    <Order>294</Order>
    <Advanced>true</Advanced>
    <Version>2.0</Version>
  </Header>
  <Values>
    <Value display="Dice">dice</Value>
    <Value display="Slice">slice</Value>
    <Value display="Slice-and-Dice">slice-and-dice</Value>
    <Value display="Squarify">squarify</Value>
  </Values>
</DesignerProperty>
