<DesignerProperty>
  <Header>
    <Name>cccLinkOutsetRadius</Name>
    <Parent>BaseProperty</Parent>
    <DefaultValue>2.5%</DefaultValue>
    <Description>linkOutsetRadius</Description>
    <Tooltip>The length of the link line segment that extends outwards from the slice, until it reaches the link line "elbow", in pixel units, or as a percentage.</Tooltip>
    <InputType>String</InputType>
    <OutputType>String</OutputType>
    <Order>318</Order>
    <Advanced>true</Advanced>
    <Version>2.0</Version>
  </Header>
</DesignerProperty>
