<DesignerProperty>
  <Header>
    <Name>cccLowerQuartilRole</Name>
    <Parent>BaseProperty</Parent>
    <DefaultValue></DefaultValue>
    <Description>lowerQuartilRole</Description>
    <Tooltip>The lowerQuartil visual role controls the bottom position of the box visual element, along the orthogonal axis.</Tooltip>
    <InputType>String</InputType>
    <OutputType>String</OutputType>
    <Order>319</Order>
    <Advanced>true</Advanced>
    <Version>2.0</Version>
  </Header>
</DesignerProperty>
