<DesignerProperty>
  <Header>
    <Name>cccMultiChartSingleRowFillsHeight</Name>
    <Parent>BaseProperty</Parent>
    <DefaultValue>true</DefaultValue>
    <Description>multiChartSingleRowFillsHeight</Description>
    <Tooltip>Indicates that, when the layout results in a single row and the value of is still to be determined, it should be set to all the initially available content height, instead of determining the height from the and the .</Tooltip>
    <InputType>Boolean</InputType>
    <OutputType>Boolean</OutputType>
    <Order>331</Order>
    <Advanced>true</Advanced>
    <Version>2.0</Version>
  </Header>
</DesignerProperty>
