<DesignerProperty>
  <Header>
    <Name>cccMinimumRole</Name>
    <Parent>BaseProperty</Parent>
    <DefaultValue></DefaultValue>
    <Description>minimumRole</Description>
    <Tooltip>The minimum visual role controls the position of the rule that crosses the top whisker of the box visual element, along the orthogonal axis.</Tooltip>
    <InputType>String</InputType>
    <OutputType>String</OutputType>
    <Order>325</Order>
    <Advanced>true</Advanced>
    <Version>2.0</Version>
  </Header>
</DesignerProperty>
